日付,球場,ホーム球団,ビジター球団,ホーム得点,ビジター得点,ホーム安打,ビジター安打,ホーム失策,ビジター失策,ホームラン数（ホーム）,ホームラン数（ビジター）,イニング別得点（ホーム(ビジター)）,観客動員数,URL
2026年3月27日（金）,京セラD大阪,オリックス・バファローズオリックス,東北楽天ゴールデンイーグルス楽天,0,10,4,16,1,0,0,0,"0(2),0(6),0(0),0(0),0(0),0(0),0(1),0(1),0(0)",35942,https://npb.jp/scores/2026/0327/b-e-01/
2026年3月27日（金）,マツダスタジアム,広島東洋カープ広島,中日ドラゴンズ中日,6,5,11,17,0,0,0,0,"0(0),0(2),0(0),0(0),1(0),0(0),0(0),0(0),4(3)",32506,https://npb.jp/scores/2026/0327/c-d-01/
2026年3月27日（金）,横　浜,横浜DeNAベイスターズDeNA,東京ヤクルトスワローズヤクルト,2,3,6,9,1,0,0,0,"1(0),0(2),0(0),0(0),0(1),1(0),0(0),0(0),0(0)",33813,https://npb.jp/scores/2026/0327/db-s-01/
2026年3月27日（金）,東京ドーム,読売ジャイアンツ巨人,阪神タイガース阪神,3,1,6,4,0,0,0,0,"2(0),0(0),0(0),1(1),0(0),0(0),0(0),0(0),x(0)",42111,https://npb.jp/scores/2026/0327/g-t-01/
2026年3月27日（金）,みずほPayPay,福岡ソフトバンクホークスソフトバンク,北海道日本ハムファイターズ日本ハム,6,5,11,9,2,0,0,0,"0(3),2(0),1(0),1(1),0(0),1(0),0(1),1(0),x(0)",40122,https://npb.jp/scores/2026/0327/h-f-01/
2026年3月27日（金）,ZOZOマリン,千葉ロッテマリーンズロッテ,埼玉西武ライオンズ西武,3,1,7,7,1,0,0,0,"0(0),1(0),0(0),1(0),0(0),0(0),0(1),1(0),x(0)",29469,https://npb.jp/scores/2026/0327/m-l-01/
2026年3月28日（土）,京セラD大阪,オリックス・バファローズオリックス,東北楽天ゴールデンイーグルス楽天,6,0,11,4,0,0,0,0,"0(0),0(0),2(0),0(0),0(0),0(0),4(0),0(0),x(0)",30991,https://npb.jp/scores/2026/0328/b-e-02/
2026年3月28日（土）,マツダスタジアム,広島東洋カープ広島,中日ドラゴンズ中日,2,1,4,7,1,2,0,0,"0(0),0(0),0(0),0(0),0(0),0(0),1(0),1(1),x(0)",30491,https://npb.jp/scores/2026/0328/c-d-02/
2026年3月28日（土）,横　浜,横浜DeNAベイスターズDeNA,東京ヤクルトスワローズヤクルト,2,5,9,9,0,0,0,0,"0(0),1(1),1(3),0(0),0(0),0(0),0(1),0(0),0(0)",33224,https://npb.jp/scores/2026/0328/db-s-02/
2026年3月28日（土）,東京ドーム,読売ジャイアンツ巨人,阪神タイガース阪神,0,2,3,7,2,0,0,0,"0(1),0(0),0(0),0(0),0(0),0(0),0(0),0(1),0(0)",42193,https://npb.jp/scores/2026/0328/g-t-02/
2026年3月28日（土）,みずほPayPay,福岡ソフトバンクホークスソフトバンク,北海道日本ハムファイターズ日本ハム,6,4,8,12,1,0,0,0,"0(0),0(1),0(0),0(1),5(0),0(0),0(0),1(0),x(2)",40122,https://npb.jp/scores/2026/0328/h-f-02/
2026年3月28日（土）,ZOZOマリン,千葉ロッテマリーンズロッテ,埼玉西武ライオンズ西武,11,0,16,5,1,1,0,0,"2(0),0(0),0(0),0(0),2(0),7(0),0(0),0(0),x(0)",26102,https://npb.jp/scores/2026/0328/m-l-02/
2026年3月29日（日）,京セラD大阪,オリックス・バファローズオリックス,東北楽天ゴールデンイーグルス楽天,5,4,12,8,0,1,0,0,"3(2),1(0),0(0),1(0),0(1),0(1),0(0),0(0),x(0)",34537,https://npb.jp/scores/2026/0329/b-e-03/
2026年3月29日（日）,マツダスタジアム,広島東洋カープ広島,中日ドラゴンズ中日,1,0,6,1,0,1,0,0,"0(0),0(0),0(0),0(0),0(0),1(0),0(0),0(0),x(0)",29697,https://npb.jp/scores/2026/0329/c-d-03/
2026年3月29日（日）,横　浜,横浜DeNAベイスターズDeNA,東京ヤクルトスワローズヤクルト,3,5,11,7,1,0,0,0,"1(0),0(0),0(0),0(0),0(0),0(0),1(0),0(5),1(0)",32609,https://npb.jp/scores/2026/0329/db-s-03/
2026年3月29日（日）,東京ドーム,読売ジャイアンツ巨人,阪神タイガース阪神,6,12,12,13,0,0,0,0,"1(0),0(2),2(3),0(0),2(0),0(0),1(0),0(3),0(4)",42223,https://npb.jp/scores/2026/0329/g-t-03/
2026年3月29日（日）,みずほPayPay,福岡ソフトバンクホークスソフトバンク,北海道日本ハムファイターズ日本ハム,8,4,13,7,0,1,0,0,"1(0),3(2),1(1),2(0),0(0),0(0),0(0),1(1),x(0)",40122,https://npb.jp/scores/2026/0329/h-f-03/
2026年3月29日（日）,ZOZOマリン,千葉ロッテマリーンズロッテ,埼玉西武ライオンズ西武,0,4,5,11,1,0,0,0,"0(1),0(0),0(0),0(0),0(1),0(0),0(0),0(0),0(2)",27673,https://npb.jp/scores/2026/0329/m-l-03/
2026年3月31日（火）,バンテリンドーム,中日ドラゴンズ中日,読売ジャイアンツ巨人,2,5,7,7,0,0,0,0,"0(0),1(0),0(0),0(0),1(0),0(2),0(0),0(0),0(3)",36645,https://npb.jp/scores/2026/0331/d-g-01/
2026年3月31日（火）,楽天モバイル,東北楽天ゴールデンイーグルス楽天,福岡ソフトバンクホークスソフトバンク,2,4,10,9,0,0,0,0,"0(0),1(0),0(1),0(1),0(0),0(0),0(0),1(1),0(1)",24882,https://npb.jp/scores/2026/0331/e-h-01/
2026年3月31日（火）,エスコンＦ,北海道日本ハムファイターズ日本ハム,千葉ロッテマリーンズロッテ,9,0,9,0,1,1,0,0,"0(0),7(0),0(0),0(0),0(0),0(0),2(0),0(0),x(0)",31457,https://npb.jp/scores/2026/0331/f-m-01/
2026年3月31日（火）,ベルーナドーム,埼玉西武ライオンズ西武,オリックス・バファローズオリックス,5,3,9,10,0,0,0,0,"0(0),1(1),0(0),2(1),0(1),0(0),0(0),2(0),x(0)",25881,https://npb.jp/scores/2026/0331/l-b-01/
2026年3月31日（火）,神　宮,東京ヤクルトスワローズヤクルト,広島東洋カープ広島,8,3,12,6,2,1,0,0,"0(0),1(0),0(0),2(0),3(0),0(3),0(0),2(0),x(0)",28284,https://npb.jp/scores/2026/0331/s-c-01/
2026年3月31日（火）,京セラD大阪,阪神タイガース阪神,横浜DeNAベイスターズDeNA,4,1,6,10,0,0,0,0,"1(0),0(0),0(0),0(0),1(0),2(1),0(0),0(0),x(0)",36191,https://npb.jp/scores/2026/0331/t-db-01/
2026年4月1日（水）,バンテリンドーム,中日ドラゴンズ中日,読売ジャイアンツ巨人,5,6,9,10,1,0,0,0,"0(3),0(0),1(0),0(0),0(0),1(1),3(2),0(0),0(0)",36647,https://npb.jp/scores/2026/0401/d-g-02/
2026年4月1日（水）,楽天モバイル,東北楽天ゴールデンイーグルス楽天,福岡ソフトバンクホークスソフトバンク,1,6,3,13,0,0,0,0,"0(0),0(0),0(2),0(0),0(0),0(4),0(0),0(0),1(0)",24584,https://npb.jp/scores/2026/0401/e-h-02/
2026年4月1日（水）,エスコンＦ,北海道日本ハムファイターズ日本ハム,千葉ロッテマリーンズロッテ,2,4,5,5,1,1,0,0,"0(0),0(0),0(0),0(3),0(0),2(1),0(0),0(0),0(0)",29819,https://npb.jp/scores/2026/0401/f-m-02/
2026年4月1日（水）,ベルーナドーム,埼玉西武ライオンズ西武,オリックス・バファローズオリックス,0,4,5,7,2,0,0,0,"0(0),0(0),0(0),0(0),0(0),0(4),0(0),0(0),0(0)",21988,https://npb.jp/scores/2026/0401/l-b-02/
2026年4月1日（水）,神　宮,東京ヤクルトスワローズヤクルト,広島東洋カープ広島,,,,,,,0,0,"(),(),(),(),(),(),(),(),()",0,https://npb.jp/scores/2026/0401/s-c-02/
2026年4月1日（水）,京セラD大阪,阪神タイガース阪神,横浜DeNAベイスターズDeNA,1,4,8,8,0,0,0,0,"0(3),0(0),0(1),0(0),0(0),1(0),0(0),0(0),0(0)",36148,https://npb.jp/scores/2026/0401/t-db-02/
2026年4月2日（木）,バンテリンドーム,中日ドラゴンズ中日,読売ジャイアンツ巨人,2,1,6,4,1,0,0,0,"0(0),0(0),0(0),0(0),2(0),0(0),0(0),0(0),x(1)",36646,https://npb.jp/scores/2026/0402/d-g-03/
2026年4月2日（木）,楽天モバイル,東北楽天ゴールデンイーグルス楽天,福岡ソフトバンクホークスソフトバンク,5,4,11,9,0,1,0,0,"1(0),0(0),0(0),0(2),1(0),0(0),1(0),2(1),x(1)",24088,https://npb.jp/scores/2026/0402/e-h-03/
2026年4月2日（木）,エスコンＦ,北海道日本ハムファイターズ日本ハム,千葉ロッテマリーンズロッテ,7,1,11,8,0,0,0,0,"1(0),2(0),1(0),0(0),0(0),2(0),0(1),1(0),x(0)",29746,https://npb.jp/scores/2026/0402/f-m-03/
2026年4月2日（木）,ベルーナドーム,埼玉西武ライオンズ西武,オリックス・バファローズオリックス,3,7,7,10,0,0,0,0,"0(0),0(0),1(0),0(0),0(2),2(4),0(0),0(1),0(0)",23796,https://npb.jp/scores/2026/0402/l-b-03/
2026年4月2日（木）,神　宮,東京ヤクルトスワローズヤクルト,広島東洋カープ広島,2,1,5,4,0,0,0,0,"0(0),0(0),0(0),0(0),0(0),0(1),0(0),0(0),2x(0)",26896,https://npb.jp/scores/2026/0402/s-c-02/
2026年4月2日（木）,京セラD大阪,阪神タイガース阪神,横浜DeNAベイスターズDeNA,4,3,9,6,0,2,0,0,"3(0),1(0),0(0),0(1),0(0),0(1),0(0),0(1),x(0)",36174,https://npb.jp/scores/2026/0402/t-db-03/
2026年4月3日（金）,マツダスタジアム,広島東洋カープ広島,阪神タイガース阪神,2,4,4,11,0,0,0,0,"0(1),0(0),0(0),0(0),0(0),1(1),0(2),1(0),0(0)",28003,https://npb.jp/scores/2026/0403/c-t-01/
2026年4月3日（金）,エスコンＦ,北海道日本ハムファイターズ日本ハム,オリックス・バファローズオリックス,12,3,15,7,0,0,0,0,"0(0),3(0),0(0),3(0),0(0),5(0),0(1),1(2),x(0)",29933,https://npb.jp/scores/2026/0403/f-b-01/
2026年4月3日（金）,東京ドーム,読売ジャイアンツ巨人,横浜DeNAベイスターズDeNA,1,3,7,7,1,0,0,0,"0(0),0(0),0(0),0(1),0(2),0(0),1(0),0(0),0(0)",41855,https://npb.jp/scores/2026/0403/g-db-01/
2026年4月3日（金）,ベルーナドーム,埼玉西武ライオンズ西武,東北楽天ゴールデンイーグルス楽天,3,6,7,8,1,1,0,0,"0(0),0(0),0(0),3(5),0(0),0(1),0(0),0(0),0(0)",20103,https://npb.jp/scores/2026/0403/l-e-01/
2026年4月3日（金）,ZOZOマリン,千葉ロッテマリーンズロッテ,福岡ソフトバンクホークスソフトバンク,3,2,8,5,2,1,0,0,"0(0),0(0),0(0),0(0),0(0),0(0),0(2),0(0),3x(0)",27014,https://npb.jp/scores/2026/0403/m-h-01/
2026年4月3日（金）,神　宮,東京ヤクルトスワローズヤクルト,中日ドラゴンズ中日,0,1,3,8,0,0,0,0,"0(1),0(0),0(0),0(0),0(0),0(0),0(0),0(0),0(0)",27611,https://npb.jp/scores/2026/0403/s-d-01/
2026年4月4日（土）,マツダスタジアム,広島東洋カープ広島,阪神タイガース阪神,5,7,13,11,1,0,0,0,"1(1),0(1),0(0),2(0),0(0),0(0),1(0),1(0),0(3)",31414,https://npb.jp/scores/2026/0404/c-t-02/
2026年4月4日（土）,エスコンＦ,北海道日本ハムファイターズ日本ハム,オリックス・バファローズオリックス,6,3,11,9,2,0,0,0,"0(2),0(0),0(0),0(0),3(0),0(1),3(0),0(0),x(0)",32252,https://npb.jp/scores/2026/0404/f-b-02/
2026年4月4日（土）,東京ドーム,読売ジャイアンツ巨人,横浜DeNAベイスターズDeNA,8,4,16,10,0,0,0,0,"0(3),0(0),2(0),2(1),1(0),3(0),0(0),0(0),x(0)",41938,https://npb.jp/scores/2026/0404/g-db-02/
2026年4月4日（土）,ベルーナドーム,埼玉西武ライオンズ西武,東北楽天ゴールデンイーグルス楽天,1,2,5,5,0,2,0,0,"0(0),0(0),0(0),0(0),0(0),0(0),0(0),0(2),1(0)",21983,https://npb.jp/scores/2026/0404/l-e-02/
2026年4月4日（土）,ZOZOマリン,千葉ロッテマリーンズロッテ,福岡ソフトバンクホークスソフトバンク,2,5,6,7,0,0,0,0,"0(0),0(0),0(0),0(0),1(0),0(0),0(3),0(2),1(0)",27774,https://npb.jp/scores/2026/0404/m-h-02/
2026年4月4日（土）,神　宮,東京ヤクルトスワローズヤクルト,中日ドラゴンズ中日,11,6,14,10,0,0,0,0,"0(1),1(0),5(0),0(1),2(2),3(0),0(2),0(0),x(0)",28933,https://npb.jp/scores/2026/0404/s-d-02/
2026年4月5日（日）,マツダスタジアム,広島東洋カープ広島,阪神タイガース阪神,2,1,8,5,0,0,0,0,"1(0),0(0),0(0),0(0),0(0),0(0),0(0),0(1),1x(0)",31416,https://npb.jp/scores/2026/0405/c-t-03/
2026年4月5日（日）,エスコンＦ,北海道日本ハムファイターズ日本ハム,オリックス・バファローズオリックス,8,2,12,4,2,0,0,0,"0(0),0(0),0(2),0(0),0(0),2(0),3(0),3(0),x(0)",30821,https://npb.jp/scores/2026/0405/f-b-03/
2026年4月5日（日）,東京ドーム,読売ジャイアンツ巨人,横浜DeNAベイスターズDeNA,3,2,6,5,0,1,0,0,"0(0),0(0),0(0),0(1),0(0),0(0),3(0),0(0),x(1)",42034,https://npb.jp/scores/2026/0405/g-db-03/
2026年4月5日（日）,ベルーナドーム,埼玉西武ライオンズ西武,東北楽天ゴールデンイーグルス楽天,1,1,7,3,1,0,0,0,"0(1),0(0),1(0),0(0),0(0),0(0),0(0),0(0),0(0)",27090,https://npb.jp/scores/2026/0405/l-e-03/
2026年4月5日（日）,ZOZOマリン,千葉ロッテマリーンズロッテ,福岡ソフトバンクホークスソフトバンク,3,4,8,8,1,0,0,0,"1(0),0(0),0(0),1(2),0(2),0(0),0(0),1(0),0(0)",29514,https://npb.jp/scores/2026/0405/m-h-03/
2026年4月5日（日）,神　宮,東京ヤクルトスワローズヤクルト,中日ドラゴンズ中日,7,5,10,11,0,1,0,0,"0(0),0(0),0(0),0(1),0(0),0(4),7(0),0(0),x(0)",29328,https://npb.jp/scores/2026/0405/s-d-03/
2026年4月7日（火）,京セラD大阪,オリックス・バファローズオリックス,千葉ロッテマリーンズロッテ,3,1,11,8,0,0,0,0,"0(0),0(0),1(0),0(0),0(0),0(1),1(0),1(0),x(0)",22646,https://npb.jp/scores/2026/0407/b-m-01/
2026年4月7日（火）,マツダスタジアム,広島東洋カープ広島,読売ジャイアンツ巨人,5,2,5,7,0,3,0,0,"0(0),0(0),0(0),2(0),2(0),1(0),0(2),0(0),x(0)",22556,https://npb.jp/scores/2026/0407/c-g-01/
2026年4月7日（火）,横　浜,横浜DeNAベイスターズDeNA,中日ドラゴンズ中日,5,3,11,8,1,0,0,0,"0(1),0(0),0(0),4(0),0(0),0(0),0(0),1(0),x(2)",31795,https://npb.jp/scores/2026/0407/db-d-01/
2026年4月7日（火）,楽天モバイル,東北楽天ゴールデンイーグルス楽天,北海道日本ハムファイターズ日本ハム,3,0,8,5,1,1,0,0,"0(0),0(0),0(0),2(0),1(0),0(0),0(0),0(0),x(0)",24770,https://npb.jp/scores/2026/0407/e-f-01/
2026年4月7日（火）,みずほPayPay,福岡ソフトバンクホークスソフトバンク,埼玉西武ライオンズ西武,6,8,12,11,2,0,0,0,"0(0),1(1),2(0),0(2),0(3),0(0),0(0),2(2),1(0)",38091,https://npb.jp/scores/2026/0407/h-l-01/
2026年4月7日（火）,甲子園,阪神タイガース阪神,東京ヤクルトスワローズヤクルト,9,3,11,5,1,4,0,0,"0(0),0(0),0(0),1(1),4(0),2(0),0(2),2(0),x(0)",42610,https://npb.jp/scores/2026/0407/t-s-01/
2026年4月8日（水）,京セラD大阪,オリックス・バファローズオリックス,千葉ロッテマリーンズロッテ,9,1,11,8,0,1,0,0,"2(0),0(1),0(0),0(0),3(0),1(0),3(0),0(0),x(0)",21262,https://npb.jp/scores/2026/0408/b-m-02/
2026年4月8日（水）,マツダスタジアム,広島東洋カープ広島,読売ジャイアンツ巨人,1,2,4,8,0,2,0,0,"0(0),0(0),0(0),0(0),0(0),0(0),1(0),0(0),0(2)",21860,https://npb.jp/scores/2026/0408/c-g-02/
2026年4月8日（水）,横　浜,横浜DeNAベイスターズDeNA,中日ドラゴンズ中日,4,6,9,13,1,1,0,0,"0(2),0(0),2(0),0(0),0(0),0(1),0(0),2(1),0(0)",32233,https://npb.jp/scores/2026/0408/db-d-02/
2026年4月8日（水）,楽天モバイル,東北楽天ゴールデンイーグルス楽天,北海道日本ハムファイターズ日本ハム,0,1,4,1,0,0,0,0,"0(0),0(0),0(0),0(1),0(0),0(0),0(0),0(0),0(0)",23615,https://npb.jp/scores/2026/0408/e-f-02/
2026年4月8日（水）,みずほPayPay,福岡ソフトバンクホークスソフトバンク,埼玉西武ライオンズ西武,1,2,4,8,0,0,0,0,"0(1),0(0),0(0),0(0),0(0),0(0),0(0),0(1),1(0)",38097,https://npb.jp/scores/2026/0408/h-l-02/
2026年4月8日（水）,甲子園,阪神タイガース阪神,東京ヤクルトスワローズヤクルト,2,3,6,8,0,1,0,0,"2(1),0(0),0(0),0(0),0(0),0(2),0(0),0(0),0(0)",42571,https://npb.jp/scores/2026/0408/t-s-02/
2026年4月9日（木）,京セラD大阪,オリックス・バファローズオリックス,千葉ロッテマリーンズロッテ,2,1,10,7,0,0,0,0,"0(0),0(0),1(0),0(0),0(0),0(1),0(0),0(0),0(0)",22066,https://npb.jp/scores/2026/0409/b-m-03/
2026年4月9日（木）,マツダスタジアム,広島東洋カープ広島,読売ジャイアンツ巨人,,,,,,,0,0,"(),(),(),(),(),(),(),(),()",0,https://npb.jp/scores/2026/0409/c-g-03/
2026年4月9日（木）,楽天モバイル,東北楽天ゴールデンイーグルス楽天,北海道日本ハムファイターズ日本ハム,2,4,9,7,0,0,0,0,"1(0),0(0),0(0),0(0),0(0),0(4),0(0),0(0),1(0)",22609,https://npb.jp/scores/2026/0409/e-f-03/
2026年4月9日（木）,みずほPayPay,福岡ソフトバンクホークスソフトバンク,埼玉西武ライオンズ西武,2,0,4,1,0,1,0,0,"0(0),0(0),0(0),0(0),0(0),0(0),2(0),0(0),x(0)",38049,https://npb.jp/scores/2026/0409/h-l-03/
2026年4月9日（木）,甲子園,阪神タイガース阪神,東京ヤクルトスワローズヤクルト,2,0,8,6,0,1,0,0,"0(0),0(0),0(0),2(0),0(0),0(0),0x(0),(),()",42602,https://npb.jp/scores/2026/0409/t-s-03/
2026年4月10日（金）,バンテリンドーム,中日ドラゴンズ中日,阪神タイガース阪神,3,5,9,12,1,1,0,0,"0(0),1(0),1(0),0(0),0(0),0(1),0(0),1(0),0(4)",36663,https://npb.jp/scores/2026/0410/d-t-01/
2026年4月10日（金）,横　浜,横浜DeNAベイスターズDeNA,広島東洋カープ広島,,,,,,,0,0,"(),(),(),(),(),(),(),(),()",0,https://npb.jp/scores/2026/0410/db-c-01/
2026年4月10日（金）,楽天モバイル,東北楽天ゴールデンイーグルス楽天,オリックス・バファローズオリックス,,,,,,,0,0,"(),(),(),(),(),(),(),(),()",0,https://npb.jp/scores/2026/0410/e-b-04/
2026年4月10日（金）,東京ドーム,読売ジャイアンツ巨人,東京ヤクルトスワローズヤクルト,3,2,5,10,0,1,0,0,"0(0),1(0),1(0),0(1),0(0),0(0),1(0),0(1),x(0)",41793,https://npb.jp/scores/2026/0410/g-s-01/
2026年4月10日（金）,県営大宮,埼玉西武ライオンズ西武,千葉ロッテマリーンズロッテ,3,6,7,9,1,0,0,0,"0(0),0(1),0(0),0(1),1(0),0(0),0(0),2(0),0(4)",17040,https://npb.jp/scores/2026/0410/l-m-04/
2026年4月11日（土）,バンテリンドーム,中日ドラゴンズ中日,阪神タイガース阪神,3,9,8,11,0,0,0,0,"0(1),0(1),1(0),0(2),0(0),0(0),0(3),2(0),0(2)",36678,https://npb.jp/scores/2026/0411/d-t-02/
2026年4月11日（土）,横　浜,横浜DeNAベイスターズDeNA,広島東洋カープ広島,4,3,10,4,1,0,0,0,"0(0),0(0),4(1),0(0),0(0),0(0),0(2),0(0),x(0)",32924,https://npb.jp/scores/2026/0411/db-c-01/
2026年4月11日（土）,楽天モバイル,東北楽天ゴールデンイーグルス楽天,オリックス・バファローズオリックス,11,4,13,5,0,1,0,0,"1(0),0(0),2(0),2(0),4(1),0(0),0(0),2(3),x(0)",24340,https://npb.jp/scores/2026/0411/e-b-04/
2026年4月11日（土）,エスコンＦ,北海道日本ハムファイターズ日本ハム,福岡ソフトバンクホークスソフトバンク,3,6,9,9,0,0,0,0,"1(0),0(0),0(0),0(1),0(0),0(5),1(0),0(0),1(0)",31575,https://npb.jp/scores/2026/0411/f-h-04/
2026年4月11日（土）,東京ドーム,読売ジャイアンツ巨人,東京ヤクルトスワローズヤクルト,2,3,5,9,0,0,0,0,"0(2),0(0),1(0),0(0),0(0),0(0),1(1),0(0),0(0)",41901,https://npb.jp/scores/2026/0411/g-s-02/
2026年4月11日（土）,ベルーナドーム,埼玉西武ライオンズ西武,千葉ロッテマリーンズロッテ,5,2,9,5,0,0,0,0,"4(0),0(0),0(0),1(0),0(0),0(1),0(0),0(1),x(0)",27263,https://npb.jp/scores/2026/0411/l-m-05/
2026年4月12日（日）,バンテリンドーム,中日ドラゴンズ中日,阪神タイガース阪神,0,3,5,7,0,1,0,0,"0(0),0(0),0(0),0(0),0(3),0(0),0(0),0(0),0(0)",36675,https://npb.jp/scores/2026/0412/d-t-03/
2026年4月12日（日）,横　浜,横浜DeNAベイスターズDeNA,広島東洋カープ広島,6,5,9,6,1,0,0,0,"0(0),0(1),0(0),2(3),0(0),0(0),4(0),0(1),x(0)",33387,https://npb.jp/scores/2026/0412/db-c-02/
2026年4月12日（日）,楽天モバイル,東北楽天ゴールデンイーグルス楽天,オリックス・バファローズオリックス,4,0,7,3,0,0,0,0,"0(0),0(0),0(0),0(0),1(0),0(0),0(0),3(0),x(0)",24908,https://npb.jp/scores/2026/0412/e-b-05/
2026年4月12日（日）,エスコンＦ,北海道日本ハムファイターズ日本ハム,福岡ソフトバンクホークスソフトバンク,7,11,11,17,1,0,0,0,"1(3),0(0),4(0),0(0),0(3),0(0),0(2),0(3),2(0)",30844,https://npb.jp/scores/2026/0412/f-h-05/
2026年4月12日（日）,東京ドーム,読売ジャイアンツ巨人,東京ヤクルトスワローズヤクルト,0,2,2,11,0,0,0,0,"0(0),0(0),0(1),0(0),0(1),0(0),0(0),0(0),0(0)",41933,https://npb.jp/scores/2026/0412/g-s-03/
2026年4月12日（日）,ベルーナドーム,埼玉西武ライオンズ西武,千葉ロッテマリーンズロッテ,2,1,3,8,0,0,0,0,"0(0),0(0),0(0),0(0),0(0),0(0),0(0),0(0),1(1)",26180,https://npb.jp/scores/2026/0412/l-m-06/
2026年4月14日（火）,京セラD大阪,オリックス・バファローズオリックス,埼玉西武ライオンズ西武,5,1,5,10,0,3,0,0,"0(0),0(0),4(0),1(1),0(0),0(0),0(0),0(0),x(0)",21863,https://npb.jp/scores/2026/0414/b-l-04/
2026年4月14日（火）,豊　橋,中日ドラゴンズ中日,広島東洋カープ広島,6,2,12,8,1,0,0,0,"4(0),0(0),0(0),0(0),2(0),0(0),0(0),0(2),x(0)",11226,https://npb.jp/scores/2026/0414/d-c-04/
2026年4月14日（火）,みずほPayPay,福岡ソフトバンクホークスソフトバンク,東北楽天ゴールデンイーグルス楽天,2,3,5,7,1,0,0,0,"0(0),0(0),0(0),2(1),0(2),0(0),0(0),0(0),0(0)",37996,https://npb.jp/scores/2026/0414/h-e-04/
2026年4月14日（火）,ZOZOマリン,千葉ロッテマリーンズロッテ,北海道日本ハムファイターズ日本ハム,1,5,6,6,0,2,0,0,"0(1),1(0),0(0),0(2),0(0),0(1),0(0),0(0),0(1)",25841,https://npb.jp/scores/2026/0414/m-f-04/
2026年4月14日（火）,松　山,東京ヤクルトスワローズヤクルト,横浜DeNAベイスターズDeNA,5,3,8,6,0,1,0,0,"1(0),0(0),0(0),0(0),4(3),(0x),(),(),()",18526,https://npb.jp/scores/2026/0414/s-db-04/
2026年4月14日（火）,甲子園,阪神タイガース阪神,読売ジャイアンツ巨人,3,4,7,10,2,1,0,0,"0(0),0(2),0(0),0(0),0(0),0(0),3(0),0(1),0(1)",42603,https://npb.jp/scores/2026/0414/t-g-04/
2026年4月15日（水）,京セラD大阪,オリックス・バファローズオリックス,埼玉西武ライオンズ西武,3,1,9,6,0,0,0,0,"1(0),0(0),0(0),0(0),1(0),1(0),0(1),0(0),x(0)",22447,https://npb.jp/scores/2026/0415/b-l-05/
2026年4月15日（水）,バンテリンドーム,中日ドラゴンズ中日,広島東洋カープ広島,2,5,5,10,1,0,0,0,"0(0),0(1),0(0),0(0),0(0),0(2),2(0),0(2),0(0)",33703,https://npb.jp/scores/2026/0415/d-c-05/
2026年4月15日（水）,みずほPayPay,福岡ソフトバンクホークスソフトバンク,東北楽天ゴールデンイーグルス楽天,2,3,5,7,0,0,0,0,"0(1),0(0),0(0),1(0),0(1),0(0),1(0),0(1),0(0)",38057,https://npb.jp/scores/2026/0415/h-e-05/
2026年4月15日（水）,ZOZOマリン,千葉ロッテマリーンズロッテ,北海道日本ハムファイターズ日本ハム,9,7,13,6,0,1,0,0,"2(0),0(0),3(5),3(0),0(1),0(0),0(1),1(0),x(0)",24393,https://npb.jp/scores/2026/0415/m-f-05/
2026年4月15日（水）,甲子園,阪神タイガース阪神,読売ジャイアンツ巨人,,,,,,,0,0,"(),(),(),(),(),(),(),(),()",0,https://npb.jp/scores/2026/0415/t-g-05/
2026年4月16日（木）,京セラD大阪,オリックス・バファローズオリックス,埼玉西武ライオンズ西武,7,1,14,6,0,0,0,0,"0(0),0(0),0(0),3(1),0(0),0(0),0(0),4(0),x(0)",23110,https://npb.jp/scores/2026/0416/b-l-06/
2026年4月16日（木）,北九州,福岡ソフトバンクホークスソフトバンク,東北楽天ゴールデンイーグルス楽天,6,0,7,5,0,0,0,0,"3(0),1(0),1(0),0(0),0(0),0(0),1(0),0(0),x(0)",19288,https://npb.jp/scores/2026/0416/h-e-06/
2026年4月16日（木）,ZOZOマリン,千葉ロッテマリーンズロッテ,北海道日本ハムファイターズ日本ハム,5,3,11,7,0,5,0,0,"0(0),0(0),3(2),0(1),0(0),1(0),1(0),0(0),x(0)",25125,https://npb.jp/scores/2026/0416/m-f-06/
2026年4月16日（木）,神　宮,東京ヤクルトスワローズヤクルト,横浜DeNAベイスターズDeNA,2,0,10,5,0,1,0,0,"0(0),1(0),1(0),0(0),0(0),0(0),0(0),0(0),x(0)",28678,https://npb.jp/scores/2026/0416/s-db-05/
2026年4月16日（木）,甲子園,阪神タイガース阪神,読売ジャイアンツ巨人,3,4,8,9,2,0,0,0,"2(3),0(0),0(1),0(0),1(0),0(0),0(0),0(0),0(0)",42601,https://npb.jp/scores/2026/0416/t-g-05/
2026年4月17日（金）,マツダスタジアム,広島東洋カープ広島,横浜DeNAベイスターズDeNA,1,5,3,8,0,0,0,0,"0(1),1(0),0(0),0(0),0(0),0(3),0(1),0(0),0(0)",23528,https://npb.jp/scores/2026/0417/c-db-03/
2026年4月17日（金）,楽天モバイル,東北楽天ゴールデンイーグルス楽天,千葉ロッテマリーンズロッテ,1,0,8,5,0,2,0,0,"0(0),0(0),0(0),0(0),0(0),0(0),0(0),0(0),0(0)",24265,https://npb.jp/scores/2026/0417/e-m-01/
2026年4月17日（金）,エスコンＦ,北海道日本ハムファイターズ日本ハム,埼玉西武ライオンズ西武,3,5,4,9,0,0,0,0,"2(1),0(0),0(0),1(0),0(1),0(0),0(2),0(1),0(0)",29615,https://npb.jp/scores/2026/0417/f-l-01/
2026年4月17日（金）,みずほPayPay,福岡ソフトバンクホークスソフトバンク,オリックス・バファローズオリックス,4,13,8,18,0,0,0,0,"1(2),0(5),0(0),1(0),0(2),0(0),0(0),2(3),0(1)",39602,https://npb.jp/scores/2026/0417/h-b-01/
2026年4月17日（金）,神　宮,東京ヤクルトスワローズヤクルト,読売ジャイアンツ巨人,2,8,6,12,0,0,0,0,"0(4),0(0),0(3),0(0),0(0),0(0),0(0),0(0),2(1)",28406,https://npb.jp/scores/2026/0417/s-g-04/
2026年4月17日（金）,甲子園,阪神タイガース阪神,中日ドラゴンズ中日,2,1,9,6,0,0,0,0,"0(1),0(0),0(0),0(0),0(0),1(0),1(0),0(0),x(0)",42607,https://npb.jp/scores/2026/0417/t-d-04/
2026年4月18日（土）,マツダスタジアム,広島東洋カープ広島,横浜DeNAベイスターズDeNA,2,7,7,9,0,0,0,0,"0(0),0(1),0(0),0(0),0(0),0(0),1(6),0(0),1(0)",31141,https://npb.jp/scores/2026/0418/c-db-04/
2026年4月18日（土）,楽天モバイル,東北楽天ゴールデンイーグルス楽天,千葉ロッテマリーンズロッテ,9,1,13,8,0,0,0,0,"0(0),0(0),4(0),0(1),3(0),0(0),2(0),0(0),x(0)",24046,https://npb.jp/scores/2026/0418/e-m-02/
2026年4月18日（土）,エスコンＦ,北海道日本ハムファイターズ日本ハム,埼玉西武ライオンズ西武,5,3,8,11,0,1,0,0,"0(0),0(0),0(0),0(0),0(0),5(2),0(0),0(0),x(1)",30951,https://npb.jp/scores/2026/0418/f-l-02/
2026年4月18日（土）,みずほPayPay,福岡ソフトバンクホークスソフトバンク,オリックス・バファローズオリックス,7,0,11,1,2,0,0,0,"2(0),0(0),0(0),0(0),0(0),0(0),5(0),0(0),x(0)",40122,https://npb.jp/scores/2026/0418/h-b-02/
2026年4月18日（土）,神　宮,東京ヤクルトスワローズヤクルト,読売ジャイアンツ巨人,4,3,10,6,0,1,0,0,"0(0),0(0),1(1),0(1),0(0),0(1),1(0),0(0),2x(0)",29316,https://npb.jp/scores/2026/0418/s-g-05/
2026年4月18日（土）,甲子園,阪神タイガース阪神,中日ドラゴンズ中日,4,3,8,11,0,0,0,0,"0(0),0(0),1(0),1(2),0(0),0(1),2(0),0(0),x(0)",42609,https://npb.jp/scores/2026/0418/t-d-05/
2026年4月19日（日）,マツダスタジアム,広島東洋カープ広島,横浜DeNAベイスターズDeNA,0,2,8,7,0,0,0,0,"0(0),0(0),0(1),0(0),0(0),0(1),0(0),0(0),0(0)",30814,https://npb.jp/scores/2026/0419/c-db-05/
2026年4月19日（日）,楽天モバイル,東北楽天ゴールデンイーグルス楽天,千葉ロッテマリーンズロッテ,5,8,9,9,1,1,0,0,"1(0),1(0),0(0),0(0),0(0),3(2),0(0),0(6),0(0)",24353,https://npb.jp/scores/2026/0419/e-m-03/
2026年4月19日（日）,エスコンＦ,北海道日本ハムファイターズ日本ハム,埼玉西武ライオンズ西武,3,15,6,13,3,0,0,0,"0(0),0(0),1(4),1(1),0(0),0(0),1(0),0(8),0(2)",30241,https://npb.jp/scores/2026/0419/f-l-03/
2026年4月19日（日）,みずほPayPay,福岡ソフトバンクホークスソフトバンク,オリックス・バファローズオリックス,1,2,4,7,0,0,0,0,"1(0),0(0),0(0),0(0),0(0),0(0),0(0),0(1),0(1)",39640,https://npb.jp/scores/2026/0419/h-b-03/
2026年4月19日（日）,神　宮,東京ヤクルトスワローズヤクルト,読売ジャイアンツ巨人,3,1,6,2,0,2,0,0,"0(0),0(0),0(0),3(1),0(0),0(0),0(0),0(0),x(0)",29328,https://npb.jp/scores/2026/0419/s-g-06/
2026年4月19日（日）,甲子園,阪神タイガース阪神,中日ドラゴンズ中日,7,5,10,9,1,0,0,0,"3(2),0(2),0(1),0(0),2(0),1(0),1(0),0(0),x(0)",42625,https://npb.jp/scores/2026/0419/t-d-06/
2026年4月21日（火）,マツダスタジアム,広島東洋カープ広島,東京ヤクルトスワローズヤクルト,2,1,3,4,0,0,0,0,"0(0),0(0),0(0),2(0),0(0),0(1),0(0),0(0),x(0)",21844,https://npb.jp/scores/2026/0421/c-s-03/
2026年4月21日（火）,横　浜,横浜DeNAベイスターズDeNA,阪神タイガース阪神,16,9,14,14,0,2,0,0,"0(1),0(1),2(1),0(0),4(2),0(0),4(1),6(3),x(0)",32243,https://npb.jp/scores/2026/0421/db-t-04/
2026年4月21日（火）,エスコンＦ,北海道日本ハムファイターズ日本ハム,東北楽天ゴールデンイーグルス楽天,3,1,8,4,0,0,0,0,"0(0),0(0),1(0),2(1),0(0),0(0),0(0),0(0),x(0)",29000,https://npb.jp/scores/2026/0421/f-e-04/
2026年4月21日（火）,長　野,読売ジャイアンツ巨人,中日ドラゴンズ中日,2,1,7,11,0,3,0,0,"0(0),0(0),0(0),0(1),0(0),0(0),2(0),0(0),x(0)",22044,https://npb.jp/scores/2026/0421/g-d-04/
2026年4月21日（火）,ベルーナドーム,埼玉西武ライオンズ西武,福岡ソフトバンクホークスソフトバンク,6,4,7,6,0,0,0,0,"6(0),0(4),0(0),0(0),0(0),0(0),0(0),0(0),x(0)",24727,https://npb.jp/scores/2026/0421/l-h-04/
2026年4月21日（火）,ZOZOマリン,千葉ロッテマリーンズロッテ,オリックス・バファローズオリックス,7,4,10,6,0,1,0,0,"0(0),0(0),1(0),0(1),3(0),2(3),1(0),0(0),x(0)",20353,https://npb.jp/scores/2026/0421/m-b-04/
2026年4月22日（水）,マツダスタジアム,広島東洋カープ広島,東京ヤクルトスワローズヤクルト,0,2,7,9,0,1,0,0,"0(1),0(0),0(0),0(1),0(0),0(0),0(0),0(0),0(0)",24277,https://npb.jp/scores/2026/0422/c-s-04/
2026年4月22日（水）,横　浜,横浜DeNAベイスターズDeNA,阪神タイガース阪神,7,6,15,6,1,0,0,0,"4(0),0(1),1(4),0(0),0(0),1(0),0(1),1(0),x(0)",31625,https://npb.jp/scores/2026/0422/db-t-05/
2026年4月22日（水）,エスコンＦ,北海道日本ハムファイターズ日本ハム,東北楽天ゴールデンイーグルス楽天,5,4,15,6,2,0,0,0,"1(0),2(0),0(0),0(0),0(2),0(1),0(0),1(1),0(0)",28254,https://npb.jp/scores/2026/0422/f-e-05/
2026年4月22日（水）,前　橋,読売ジャイアンツ巨人,中日ドラゴンズ中日,5,1,13,7,0,1,0,0,"0(0),4(0),0(0),0(0),0(1),0(0),1(0),0(0),x(0)",15768,https://npb.jp/scores/2026/0422/g-d-05/
2026年4月22日（水）,ベルーナドーム,埼玉西武ライオンズ西武,福岡ソフトバンクホークスソフトバンク,3,1,8,3,0,0,0,0,"0(1),2(0),0(0),1(0),0(0),0(0),0(0),0(0),x(0)",23330,https://npb.jp/scores/2026/0422/l-h-05/
2026年4月22日（水）,ZOZOマリン,千葉ロッテマリーンズロッテ,オリックス・バファローズオリックス,1,4,3,5,1,0,0,0,"0(0),1(0),0(1),0(0),0(3),0(0),0(0),0(0),0(0)",21618,https://npb.jp/scores/2026/0422/m-b-05/
2026年4月23日（木）,マツダスタジアム,広島東洋カープ広島,東京ヤクルトスワローズヤクルト,0,2,7,9,1,0,0,0,"0(0),0(0),0(0),0(0),0(2),0(0),0(0),0(0),0(0)",26027,https://npb.jp/scores/2026/0423/c-s-05/
2026年4月23日（木）,横　浜,横浜DeNAベイスターズDeNA,阪神タイガース阪神,,,,,,,0,0,"(),(),(),(),(),(),(),(),()",0,https://npb.jp/scores/2026/0423/db-t-06/
2026年4月23日（木）,エスコンＦ,北海道日本ハムファイターズ日本ハム,東北楽天ゴールデンイーグルス楽天,2,3,9,11,0,1,0,0,"0(0),0(0),0(0),1(1),0(0),1(2),0(0),0(0),0(0)",28251,https://npb.jp/scores/2026/0423/f-e-06/
2026年4月23日（木）,ベルーナドーム,埼玉西武ライオンズ西武,福岡ソフトバンクホークスソフトバンク,3,4,9,9,0,1,0,0,"0(0),0(0),0(0),0(0),1(1),0(0),0(1),1(2),1(0)",22859,https://npb.jp/scores/2026/0423/l-h-06/
2026年4月23日（木）,ZOZOマリン,千葉ロッテマリーンズロッテ,オリックス・バファローズオリックス,,,,,,,0,0,"(),(),(),(),(),(),(),(),()",0,https://npb.jp/scores/2026/0423/m-b-06/
2026年4月24日（金）,京セラD大阪,オリックス・バファローズオリックス,北海道日本ハムファイターズ日本ハム,3,2,7,5,0,0,0,0,"0(1),0(0),0(0),0(0),0(0),0(0),3(0),0(0),x(1)",28715,https://npb.jp/scores/2026/0424/b-f-04/
2026年4月24日（金）,バンテリンドーム,中日ドラゴンズ中日,東京ヤクルトスワローズヤクルト,6,4,10,8,1,0,0,0,"0(0),1(0),0(1),0(2),0(0),2(0),0(0),0(1),3x(0)",34199,https://npb.jp/scores/2026/0424/d-s-04/
2026年4月24日（金）,横　浜,横浜DeNAベイスターズDeNA,読売ジャイアンツ巨人,2,1,11,4,0,0,0,0,"0(0),0(0),0(0),0(1),0(0),0(0),0(0),1(0),0(0)",33481,https://npb.jp/scores/2026/0424/db-g-04/
2026年4月25日（土）,京セラD大阪,オリックス・バファローズオリックス,北海道日本ハムファイターズ日本ハム,4,2,11,5,0,1,0,0,"1(0),0(0),0(0),0(0),2(1),1(0),0(1),0(0),x(0)",32940,https://npb.jp/scores/2026/0425/b-f-05/
2026年4月25日（土）,バンテリンドーム,中日ドラゴンズ中日,東京ヤクルトスワローズヤクルト,5,2,4,6,1,1,0,0,"0(0),4(0),0(0),0(0),1(0),0(0),0(0),0(2),x(0)",35665,https://npb.jp/scores/2026/0425/d-s-05/
2026年4月25日（土）,横　浜,横浜DeNAベイスターズDeNA,読売ジャイアンツ巨人,2,7,5,11,0,0,0,0,"0(1),0(1),2(5),0(0),0(0),0(0),0(0),0(0),0(0)",33518,https://npb.jp/scores/2026/0425/db-g-05/
2026年4月25日（土）,楽天モバイル,東北楽天ゴールデンイーグルス楽天,埼玉西武ライオンズ西武,7,9,9,14,1,1,0,0,"2(2),0(0),0(2),3(0),0(1),0(0),0(0),2(4),0(0)",24812,https://npb.jp/scores/2026/0425/e-l-04/
2026年4月25日（土）,熊　本,福岡ソフトバンクホークスソフトバンク,千葉ロッテマリーンズロッテ,0,5,6,8,0,1,0,0,"0(0),0(4),0(0),0(1),0(0),0(0),0(0),0(0),0(0)",14258,https://npb.jp/scores/2026/0425/h-m-04/
2026年4月25日（土）,甲子園,阪神タイガース阪神,広島東洋カープ広島,2,2,10,10,0,1,0,0,"1(1),0(0),0(0),0(0),0(0),0(0),0(0),1(0),0(1)",42623,https://npb.jp/scores/2026/0425/t-c-04/
2026年4月26日（日）,京セラD大阪,オリックス・バファローズオリックス,北海道日本ハムファイターズ日本ハム,9,4,9,4,0,1,0,0,"3(2),0(0),2(0),4(0),0(0),0(0),0(0),0(2),x(0)",30990,https://npb.jp/scores/2026/0426/b-f-06/
2026年4月26日（日）,バンテリンドーム,中日ドラゴンズ中日,東京ヤクルトスワローズヤクルト,3,0,9,5,0,1,0,0,"0(0),0(0),0(0),0(0),1(0),0(0),0(0),2(0),x(0)",36680,https://npb.jp/scores/2026/0426/d-s-06/
2026年4月26日（日）,横　浜,横浜DeNAベイスターズDeNA,読売ジャイアンツ巨人,1,4,3,10,2,1,0,0,"0(0),0(1),0(0),0(1),0(0),1(0),0(0),0(2),0(0)",33570,https://npb.jp/scores/2026/0426/db-g-06/
2026年4月26日（日）,楽天モバイル,東北楽天ゴールデンイーグルス楽天,埼玉西武ライオンズ西武,0,3,5,11,1,0,0,0,"0(0),0(0),0(0),0(0),0(0),0(0),0(0),0(0),0(0)",24695,https://npb.jp/scores/2026/0426/e-l-05/
2026年4月26日（日）,鹿児島,福岡ソフトバンクホークスソフトバンク,千葉ロッテマリーンズロッテ,0,1,0,1,0,0,0,0,"0(1),0x(0),(),(),(),(),(),(),()",0,https://npb.jp/scores/2026/0426/h-m-05/
2026年4月26日（日）,甲子園,阪神タイガース阪神,広島東洋カープ広島,1,0,2,5,1,0,0,0,"0(0),0(0),0(0),1(0),0(0),0(0),0(0),0(0),x(0)",42611,https://npb.jp/scores/2026/0426/t-c-05/
2026年4月28日（火）,京セラD大阪,オリックス・バファローズオリックス,福岡ソフトバンクホークスソフトバンク,1,7,5,12,0,0,0,0,"0(0),1(0),0(0),0(0),0(0),0(0),0(1),0(3),0(3)",30834,https://npb.jp/scores/2026/0428/b-h-04/
2026年4月28日（火）,バンテリンドーム,中日ドラゴンズ中日,横浜DeNAベイスターズDeNA,3,0,9,5,0,0,0,0,"0(0),1(0),0(0),2(0),0(0),0(0),0(0),0(0),x(0)",34707,https://npb.jp/scores/2026/0428/d-db-03/
2026年4月28日（火）,東京ドーム,読売ジャイアンツ巨人,広島東洋カープ広島,1,11,3,18,0,0,0,0,"0(0),0(0),0(2),0(0),0(4),1(0),0(1),0(0),0(4)",42058,https://npb.jp/scores/2026/0428/g-c-03/
2026年4月28日（火）,ベルーナドーム,埼玉西武ライオンズ西武,北海道日本ハムファイターズ日本ハム,1,2,1,5,1,1,0,0,"1(0),0(0),0(0),0(0),0(1),0(0),0(0),0(0),0(1)",26010,https://npb.jp/scores/2026/0428/l-f-04/
2026年4月28日（火）,ZOZOマリン,千葉ロッテマリーンズロッテ,東北楽天ゴールデンイーグルス楽天,3,1,9,4,0,0,0,0,"0(0),0(0),0(0),0(0),1(0),2(0),0(0),0(0),x(1)",25093,https://npb.jp/scores/2026/0428/m-e-04/
2026年4月28日（火）,神　宮,東京ヤクルトスワローズヤクルト,阪神タイガース阪神,10,5,12,9,1,1,0,0,"0(0),6(0),0(0),0(3),0(1),1(0),3(0),0(0),x(1)",29328,https://npb.jp/scores/2026/0428/s-t-04/
2026年4月29日（水）,京セラD大阪,オリックス・バファローズオリックス,福岡ソフトバンクホークスソフトバンク,5,4,10,8,0,1,0,0,"0(0),1(0),1(0),1(0),0(0),0(3),0(1),2(0),x(0)",35589,https://npb.jp/scores/2026/0429/b-h-05/
2026年4月29日（水）,バンテリンドーム,中日ドラゴンズ中日,横浜DeNAベイスターズDeNA,2,4,6,7,0,0,0,0,"1(0),0(1),0(0),1(0),0(1),0(0),0(2),0(0),0(0)",36664,https://npb.jp/scores/2026/0429/d-db-04/
2026年4月29日（水）,東京ドーム,読売ジャイアンツ巨人,広島東洋カープ広島,4,2,8,6,0,0,0,0,"0(0),4(0),0(0),0(0),0(2),0(0),0(0),0(0),x(0)",42142,https://npb.jp/scores/2026/0429/g-c-04/
2026年4月29日（水）,ベルーナドーム,埼玉西武ライオンズ西武,北海道日本ハムファイターズ日本ハム,3,0,6,5,1,1,0,0,"0(0),0(0),0(0),1(0),2(0),0(0),0(0),0(0),x(0)",27572,https://npb.jp/scores/2026/0429/l-f-05/
2026年4月29日（水）,ZOZOマリン,千葉ロッテマリーンズロッテ,東北楽天ゴールデンイーグルス楽天,5,3,8,8,0,0,0,0,"1(0),0(0),0(2),2(0),2(0),0(0),0(1),0(0),x(0)",28034,https://npb.jp/scores/2026/0429/m-e-05/
2026年4月29日（水）,神　宮,東京ヤクルトスワローズヤクルト,阪神タイガース阪神,0,2,3,8,1,0,0,0,"0(0),0(0),0(1),0(0),0(0),0(1),0(0),0(0),0(0)",29328,https://npb.jp/scores/2026/0429/s-t-05/
2026年4月30日（木）,バンテリンドーム,中日ドラゴンズ中日,横浜DeNAベイスターズDeNA,2,6,3,8,0,0,0,0,"0(0),1(1),0(0),0(0),1(1),0(0),0(2),0(0),0(2)",36679,https://npb.jp/scores/2026/0430/d-db-05/
2026年4月30日（木）,東京ドーム,読売ジャイアンツ巨人,広島東洋カープ広島,2,3,8,3,1,0,0,0,"0(0),1(0),0(0),0(0),0(0),0(0),1(0),0(3),0(0)",41979,https://npb.jp/scores/2026/0430/g-c-05/
2026年4月30日（木）,ベルーナドーム,埼玉西武ライオンズ西武,北海道日本ハムファイターズ日本ハム,2,3,9,8,2,1,0,0,"0(0),1(0),0(0),0(0),0(0),1(0),0(0),0(2),0(0)",27576,https://npb.jp/scores/2026/0430/l-f-06/
2026年4月30日（木）,神　宮,東京ヤクルトスワローズヤクルト,阪神タイガース阪神,2,10,8,16,1,0,0,0,"0(3),2(0),0(1),0(0),0(0),0(2),0(3),0(1),0(0)",28971,https://npb.jp/scores/2026/0430/s-t-06/
2026年5月1日（金）,マツダスタジアム,広島東洋カープ広島,中日ドラゴンズ中日,7,3,9,8,0,4,0,0,"0(0),0(0),1(0),0(0),1(0),0(1),4(0),1(2),x(0)",28127,https://npb.jp/scores/2026/0501/c-d-06/
2026年5月1日（金）,エスコンＦ,北海道日本ハムファイターズ日本ハム,オリックス・バファローズオリックス,5,1,7,8,0,2,0,0,"0(1),0(0),3(0),1(0),0(0),1(0),0(0),0(0),x(0)",29639,https://npb.jp/scores/2026/0501/f-b-07/
2026年5月1日（金）,みずほPayPay,福岡ソフトバンクホークスソフトバンク,東北楽天ゴールデンイーグルス楽天,4,1,9,7,1,0,0,0,"0(0),0(0),0(0),0(0),0(1),1(0),3(0),0(0),x(0)",40063,https://npb.jp/scores/2026/0501/h-e-07/
2026年5月1日（金）,ZOZOマリン,千葉ロッテマリーンズロッテ,埼玉西武ライオンズ西武,0,10,5,20,2,0,0,0,"0(1),0(0),0(1),0(2),0(2),0(3),0(1),0(0),0(0)",28011,https://npb.jp/scores/2026/0501/m-l-07/
2026年5月1日（金）,神　宮,東京ヤクルトスワローズヤクルト,横浜DeNAベイスターズDeNA,16,5,20,9,2,0,0,0,"4(0),2(1),0(0),3(2),1(2),2(0),3(0),1(0),x(0)",29328,https://npb.jp/scores/2026/0501/s-db-06/
2026年5月1日（金）,甲子園,阪神タイガース阪神,読売ジャイアンツ巨人,3,5,10,7,0,0,0,0,"0(0),0(2),2(3),0(0),0(0),1(0),0(0),0(0),0(0)",42600,https://npb.jp/scores/2026/0501/t-g-06/
2026年5月2日（土）,マツダスタジアム,広島東洋カープ広島,中日ドラゴンズ中日,0,4,6,9,0,0,0,0,"0(0),0(0),0(0),0(0),0(0),0(0),0(4),0(0),0(0)",32278,https://npb.jp/scores/2026/0502/c-d-07/
2026年5月2日（土）,エスコンＦ,北海道日本ハムファイターズ日本ハム,オリックス・バファローズオリックス,9,10,16,13,0,0,0,0,"4(0),1(2),1(0),1(0),0(2),0(3),1(0),0(3),1(0)",32759,https://npb.jp/scores/2026/0502/f-b-08/
2026年5月2日（土）,みずほPayPay,福岡ソフトバンクホークスソフトバンク,東北楽天ゴールデンイーグルス楽天,5,0,7,8,0,0,0,0,"0(0),0(0),4(0),1(0),0(0),0(0),0(0),0(0),x(0)",40122,https://npb.jp/scores/2026/0502/h-e-08/
2026年5月2日（土）,ZOZOマリン,千葉ロッテマリーンズロッテ,埼玉西武ライオンズ西武,4,5,10,9,1,0,0,0,"0(0),1(2),0(0),0(2),1(0),0(1),2(0),0(0),0(0)",26911,https://npb.jp/scores/2026/0502/m-l-08/
2026年5月2日（土）,神　宮,東京ヤクルトスワローズヤクルト,横浜DeNAベイスターズDeNA,6,5,13,6,0,0,0,0,"0(0),0(0),0(0),0(0),4(2),0(3),0(0),1(0),1x(0)",29328,https://npb.jp/scores/2026/0502/s-db-07/
2026年5月2日（土）,甲子園,阪神タイガース阪神,読売ジャイアンツ巨人,7,5,16,7,1,0,0,0,"1(0),0(0),1(0),0(0),0(0),0(0),4(1),1(0),x(4)",42636,https://npb.jp/scores/2026/0502/t-g-07/
2026年5月3日（日）,マツダスタジアム,広島東洋カープ広島,中日ドラゴンズ中日,,,,,,,0,0,"(),(),(),(),(),(),(),(),()",0,https://npb.jp/scores/2026/0503/c-d-08/
2026年5月3日（日）,エスコンＦ,北海道日本ハムファイターズ日本ハム,オリックス・バファローズオリックス,3,0,6,3,1,1,0,0,"2(0),0(0),0(0),0(0),0(0),1(0),0(0),0(0),x(0)",34671,https://npb.jp/scores/2026/0503/f-b-09/
2026年5月3日（日）,みずほPayPay,福岡ソフトバンクホークスソフトバンク,東北楽天ゴールデンイーグルス楽天,0,7,5,10,1,0,0,0,"0(0),0(0),0(0),0(0),0(0),0(0),0(1),0(2),0(4)",40122,https://npb.jp/scores/2026/0503/h-e-09/
2026年5月3日（日）,ZOZOマリン,千葉ロッテマリーンズロッテ,埼玉西武ライオンズ西武,10,0,12,7,1,0,0,0,"2(0),2(0),1(0),0(0),1(0),0(0),3(0),1(0),x(0)",28182,https://npb.jp/scores/2026/0503/m-l-09/
2026年5月3日（日）,神　宮,東京ヤクルトスワローズヤクルト,横浜DeNAベイスターズDeNA,2,12,9,22,0,1,0,0,"0(0),0(0),0(2),0(0),0(1),0(0),0(2),0(3),2(4)",29328,https://npb.jp/scores/2026/0503/s-db-08/
2026年5月3日（日）,甲子園,阪神タイガース阪神,読売ジャイアンツ巨人,3,0,6,4,1,1,0,0,"0(0),0(0),0(0),1(0),0(0),2(0),0x(0),(),()",42633,https://npb.jp/scores/2026/0503/t-g-08/
2026年5月4日（月）,京セラD大阪,オリックス・バファローズオリックス,千葉ロッテマリーンズロッテ,3,0,6,8,0,1,0,0,"0(0),0(0),0(0),0(0),0(0),3(0),0(0),0(0),x(0)",30045,https://npb.jp/scores/2026/0504/b-m-06/
2026年5月4日（月）,バンテリンドーム,中日ドラゴンズ中日,阪神タイガース阪神,7,3,9,4,1,0,0,0,"4(3),0(0),0(0),0(0),1(0),0(0),2(0),0(0),x(0)",36684,https://npb.jp/scores/2026/0504/d-t-07/
2026年5月4日（月）,横　浜,横浜DeNAベイスターズDeNA,広島東洋カープ広島,11,8,16,8,0,1,0,0,"0(4),4(0),2(0),5(0),0(1),0(0),0(0),0(1),x(2)",33588,https://npb.jp/scores/2026/0504/db-c-06/
2026年5月4日（月）,楽天モバイル,東北楽天ゴールデンイーグルス楽天,北海道日本ハムファイターズ日本ハム,3,1,7,8,0,0,0,0,"0(0),0(0),0(0),0(0),0(0),0(0),0(1),3(0),x(0)",25082,https://npb.jp/scores/2026/0504/e-f-07/
2026年5月4日（月）,東京ドーム,読売ジャイアンツ巨人,東京ヤクルトスワローズヤクルト,1,5,7,6,0,0,0,0,"0(0),0(0),0(3),1(0),0(2),0(0),0(0),0(0),0(0)",42310,https://npb.jp/scores/2026/0504/g-s-07/
2026年5月4日（月）,ベルーナドーム,埼玉西武ライオンズ西武,福岡ソフトバンクホークスソフトバンク,10,2,19,5,0,1,0,0,"4(0),2(0),1(0),0(0),3(0),0(2),0(0),0(0),x(0)",27566,https://npb.jp/scores/2026/0504/l-h-07/
2026年5月5日（火）,京セラD大阪,オリックス・バファローズオリックス,千葉ロッテマリーンズロッテ,6,1,10,5,1,0,0,0,"3(0),0(0),0(0),0(0),0(0),2(0),0(0),1(0),x(1)",31585,https://npb.jp/scores/2026/0505/b-m-07/
2026年5月5日（火）,バンテリンドーム,中日ドラゴンズ中日,阪神タイガース阪神,7,3,7,7,0,2,0,0,"0(1),1(0),3(0),2(0),0(0),0(0),1(1),0(0),x(1)",36692,https://npb.jp/scores/2026/0505/d-t-08/
2026年5月5日（火）,横　浜,横浜DeNAベイスターズDeNA,広島東洋カープ広島,5,5,8,12,1,2,0,0,"0(0),0(2),0(0),3(0),0(0),2(0),0(0),0(2),0(1)",33586,https://npb.jp/scores/2026/0505/db-c-07/
2026年5月5日（火）,楽天モバイル,東北楽天ゴールデンイーグルス楽天,北海道日本ハムファイターズ日本ハム,3,2,4,6,0,0,0,0,"0(0),0(0),0(0),0(1),1(1),0(0),2(0),0(0),x(0)",25609,https://npb.jp/scores/2026/0505/e-f-08/
2026年5月5日（火）,東京ドーム,読売ジャイアンツ巨人,東京ヤクルトスワローズヤクルト,3,2,2,6,0,0,0,0,"0(0),0(0),0(0),3(0),0(0),0(2),0(0),0(0),x(0)",42228,https://npb.jp/scores/2026/0505/g-s-08/
2026年5月5日（火）,ベルーナドーム,埼玉西武ライオンズ西武,福岡ソフトバンクホークスソフトバンク,4,6,5,9,0,1,0,0,"0(0),3(0),0(2),0(0),1(4),0(0),0(0),0(0),0(0)",27576,https://npb.jp/scores/2026/0505/l-h-08/
2026年5月6日（水）,京セラD大阪,オリックス・バファローズオリックス,千葉ロッテマリーンズロッテ,3,0,4,5,0,1,0,0,"0(0),2(0),0(0),0(0),0(0),0(0),1(0),0(0),x(0)",30657,https://npb.jp/scores/2026/0506/b-m-08/
2026年5月6日（水）,バンテリンドーム,中日ドラゴンズ中日,阪神タイガース阪神,0,2,2,7,0,0,0,0,"0(0),0(0),0(0),0(0),0(0),0(2),0(0),0(0),0(0)",36675,https://npb.jp/scores/2026/0506/d-t-09/
2026年5月6日（水）,横　浜,横浜DeNAベイスターズDeNA,広島東洋カープ広島,0,10,5,11,1,1,0,0,"0(0),0(0),0(3),0(0),0(5),0(1),0(1),0(0),0(0)",33480,https://npb.jp/scores/2026/0506/db-c-08/
2026年5月6日（水）,楽天モバイル,東北楽天ゴールデンイーグルス楽天,北海道日本ハムファイターズ日本ハム,2,12,8,14,1,0,0,0,"0(0),0(0),1(0),0(0),0(1),0(2),0(0),0(7),1(2)",25441,https://npb.jp/scores/2026/0506/e-f-09/
2026年5月6日（水）,東京ドーム,読売ジャイアンツ巨人,東京ヤクルトスワローズヤクルト,0,5,6,8,0,0,0,0,"0(2),0(0),0(0),0(0),0(0),0(1),0(2),0(0),0(0)",42192,https://npb.jp/scores/2026/0506/g-s-09/
2026年5月6日（水）,ベルーナドーム,埼玉西武ライオンズ西武,福岡ソフトバンクホークスソフトバンク,10,2,18,6,2,0,0,0,"0(0),8(0),0(0),0(0),0(0),0(0),2(0),0(1),x(1)",27459,https://npb.jp/scores/2026/0506/l-h-09/
2026年5月8日（金）,京セラD大阪,オリックス・バファローズオリックス,北海道日本ハムファイターズ日本ハム,4,3,6,12,1,0,0,0,"0(0),1(0),0(2),2(0),0(0),0(0),0(0),1(0),x(1)",36204,https://npb.jp/scores/2026/0508/b-f-10/
2026年5月8日（金）,マツダスタジアム,広島東洋カープ広島,東京ヤクルトスワローズヤクルト,1,4,7,11,1,2,0,0,"0(1),0(0),0(0),1(1),0(1),0(0),0(0),0(0),0(1)",26651,https://npb.jp/scores/2026/0508/c-s-06/
2026年5月8日（金）,バンテリンドーム,中日ドラゴンズ中日,読売ジャイアンツ巨人,9,2,9,10,0,1,0,0,"0(0),2(0),0(0),0(0),3(0),0(1),4(1),0(0),x(0)",34743,https://npb.jp/scores/2026/0508/d-g-06/
2026年5月8日（金）,みずほPayPay,福岡ソフトバンクホークスソフトバンク,千葉ロッテマリーンズロッテ,6,5,9,13,0,0,0,0,"0(0),0(0),2(0),0(0),0(0),1(5),0(0),0(0),3x(0)",40122,https://npb.jp/scores/2026/0508/h-m-05/
2026年5月8日（金）,ベルーナドーム,埼玉西武ライオンズ西武,東北楽天ゴールデンイーグルス楽天,4,2,10,7,2,0,0,0,"0(0),0(0),0(0),0(0),0(0),3(0),0(0),1(2),x(0)",25706,https://npb.jp/scores/2026/0508/l-e-06/
2026年5月8日（金）,甲子園,阪神タイガース阪神,横浜DeNAベイスターズDeNA,1,10,8,13,2,1,0,0,"0(0),0(0),0(0),0(2),0(0),1(0),0(0),0(0),0(8)",42570,https://npb.jp/scores/2026/0508/t-db-06/
2026年5月9日（土）,京セラD大阪,オリックス・バファローズオリックス,北海道日本ハムファイターズ日本ハム,0,3,3,12,0,0,0,0,"0(1),0(0),0(0),0(0),0(2),0(0),0(0),0(0),0(0)",35592,https://npb.jp/scores/2026/0509/b-f-11/
2026年5月9日（土）,マツダスタジアム,広島東洋カープ広島,東京ヤクルトスワローズヤクルト,0,4,2,8,0,0,0,0,"0(0),0(2),0(0),0(2),0(0),0(0),0(0),0(0),0(0)",32146,https://npb.jp/scores/2026/0509/c-s-07/
2026年5月9日（土）,バンテリンドーム,中日ドラゴンズ中日,読売ジャイアンツ巨人,4,2,8,6,0,1,0,0,"0(0),1(0),0(0),0(0),3(0),0(0),0(0),0(2),x(0)",36682,https://npb.jp/scores/2026/0509/d-g-07/
2026年5月9日（土）,みずほPayPay,福岡ソフトバンクホークスソフトバンク,千葉ロッテマリーンズロッテ,4,5,3,12,0,0,0,0,"0(0),1(1),0(0),3(0),0(0),0(0),0(2),0(1),0(1)",40122,https://npb.jp/scores/2026/0509/h-m-06/
2026年5月9日（土）,ベルーナドーム,埼玉西武ライオンズ西武,東北楽天ゴールデンイーグルス楽天,6,2,9,5,0,2,0,0,"0(0),0(0),0(0),0(1),0(0),4(1),2(0),0(0),x(0)",25446,https://npb.jp/scores/2026/0509/l-e-07/
2026年5月9日（土）,甲子園,阪神タイガース阪神,横浜DeNAベイスターズDeNA,1,3,5,10,0,0,0,0,"0(0),0(0),0(0),0(0),0(0),1(0),0(0),0(3),0(0)",42639,https://npb.jp/scores/2026/0509/t-db-07/
2026年5月10日（日）,京セラD大阪,オリックス・バファローズオリックス,北海道日本ハムファイターズ日本ハム,0,2,7,7,1,0,0,0,"0(2),0(0),0(0),0(0),0(0),0(0),0(0),0(0),0(0)",34472,https://npb.jp/scores/2026/0510/b-f-12/
2026年5月10日（日）,マツダスタジアム,広島東洋カープ広島,東京ヤクルトスワローズヤクルト,4,0,10,3,0,0,0,0,"0(0),1(0),0(0),1(0),0(0),0(0),2(0),0(0),x(0)",31329,https://npb.jp/scores/2026/0510/c-s-08/
2026年5月10日（日）,バンテリンドーム,中日ドラゴンズ中日,読売ジャイアンツ巨人,4,9,9,12,1,1,0,0,"0(0),0(1),1(0),2(2),1(0),0(2),0(0),0(1),0(3)",36675,https://npb.jp/scores/2026/0510/d-g-08/
2026年5月10日（日）,みずほPayPay,福岡ソフトバンクホークスソフトバンク,千葉ロッテマリーンズロッテ,8,3,10,8,0,0,0,0,"0(0),0(2),2(0),1(0),2(0),0(0),3(0),0(0),x(1)",40122,https://npb.jp/scores/2026/0510/h-m-07/
2026年5月10日（日）,ベルーナドーム,埼玉西武ライオンズ西武,東北楽天ゴールデンイーグルス楽天,6,1,10,7,0,0,0,0,"1(0),1(0),1(0),2(0),0(1),1(0),0(0),0(0),x(0)",27364,https://npb.jp/scores/2026/0510/l-e-08/
2026年5月10日（日）,甲子園,阪神タイガース阪神,横浜DeNAベイスターズDeNA,3,0,5,6,0,2,0,0,"0(0),0(0),0(0),0(0),1(0),1(0),1(0),0(0),x(0)",42597,https://npb.jp/scores/2026/0510/t-db-08/
